,Date,Q_obs,Q_sim,Residual,EPOT
0,2012-05-22,2.25,0.0,-2.25,2.54
1,2012-05-23,2.07,0.0,-2.07,2.58
2,2012-05-24,1.92,0.0,-1.92,2.62
3,2012-05-25,1.92,0.0,-1.92,2.66
4,2012-05-26,1.92,0.0,-1.92,2.7
5,2012-05-27,1.92,0.0,-1.92,2.74
6,2012-05-28,1.92,0.0,-1.92,2.78
7,2012-05-29,1.92,0.098,-1.8219999999999998,2.82
8,2012-05-30,1.79,0.12300000000000001,-1.667,2.86
9,2012-05-31,1.59,0.114,-1.476,2.9
10,2012-06-01,1.42,0.152,-1.268,2.94
11,2012-06-02,1.31,0.175,-1.135,2.98
12,2012-06-03,1.26,0.262,-0.998,3.02
13,2012-06-04,1.22,0.285,-0.935,3.06
14,2012-06-05,1.24,0.33399999999999996,-0.906,3.1
15,2012-06-06,1.23,0.405,-0.825,3.14
16,2012-06-07,1.12,0.42,-0.7000000000000002,3.18
17,2012-06-08,1.03,0.39899999999999997,-0.631,3.22
18,2012-06-09,0.92,0.375,-0.545,3.26
19,2012-06-10,0.86,0.35200000000000004,-0.508,3.3
20,2012-06-11,0.77,0.32899999999999996,-0.44100000000000006,3.34
21,2012-06-12,0.71,0.312,-0.39799999999999996,3.38
22,2012-06-13,0.66,0.29600000000000004,-0.364,3.42
23,2012-06-14,0.62,0.287,-0.333,3.46
24,2012-06-15,0.59,0.27699999999999997,-0.313,3.5
25,2012-06-16,0.54,0.26,-0.28,3.5
26,2012-06-17,0.5,0.243,-0.257,3.5
27,2012-06-18,0.49,0.233,-0.257,3.5
28,2012-06-19,0.58,0.336,-0.24399999999999994,3.5
29,2012-06-20,0.66,0.446,-0.21400000000000002,3.5
30,2012-06-21,0.68,0.445,-0.23500000000000004,3.5
31,2012-06-22,0.66,0.424,-0.23600000000000004,3.5
32,2012-06-23,0.62,0.401,-0.21899999999999997,3.5
33,2012-06-24,0.58,0.37799999999999995,-0.202,3.5
34,2012-06-25,0.54,0.35600000000000004,-0.184,3.5
35,2012-06-26,0.53,0.35600000000000004,-0.174,3.5
36,2012-06-27,0.5,0.359,-0.14100000000000001,3.5
37,2012-06-28,0.51,0.354,-0.15600000000000003,3.5
38,2012-06-29,0.48,0.35100000000000003,-0.12899999999999995,3.5
39,2012-06-30,0.47,0.33799999999999997,-0.132,3.5
40,2012-07-01,0.45,0.32299999999999995,-0.12700000000000006,3.5
41,2012-07-02,0.44,0.35700000000000004,-0.08299999999999996,3.5
42,2012-07-03,0.44,0.397,-0.04299999999999998,3.5
43,2012-07-04,0.41,0.384,-0.025999999999999968,3.5
44,2012-07-05,0.39,0.36200000000000004,-0.02799999999999997,3.5
45,2012-07-06,0.39,0.341,-0.04899999999999999,3.5
46,2012-07-07,0.39,0.321,-0.069,3.5
47,2012-07-08,0.35,0.305,-0.044999999999999984,3.5
48,2012-07-09,0.33,0.29600000000000004,-0.033999999999999975,3.5
49,2012-07-10,0.39,0.353,-0.03700000000000003,3.5
50,2012-07-11,0.41,0.40399999999999997,-0.006000000000000005,3.5
51,2012-07-12,0.4,0.386,-0.014000000000000012,3.5
52,2012-07-13,0.39,0.397,0.007000000000000006,3.5
53,2012-07-14,0.37,0.41600000000000004,0.04600000000000004,3.5
54,2012-07-15,0.35,0.402,0.052000000000000046,3.5
55,2012-07-16,0.33,0.38,0.04999999999999999,3.5
56,2012-07-17,0.31,0.36200000000000004,0.052000000000000046,3.4610000000000003
57,2012-07-18,0.32,0.349,0.02899999999999997,3.423
58,2012-07-19,0.3,0.34299999999999997,0.04299999999999998,3.384
59,2012-07-20,0.29,0.331,0.041000000000000036,3.345
60,2012-07-21,0.28,0.332,0.05199999999999999,3.306
61,2012-07-22,0.43,0.40299999999999997,-0.027000000000000024,3.2680000000000002
62,2012-07-23,0.86,0.5660000000000001,-0.29399999999999993,3.2289999999999996
63,2012-07-24,1.34,0.7090000000000001,-0.631,3.19
64,2012-07-25,1.53,0.735,-0.795,3.1519999999999997
65,2012-07-26,1.49,0.708,-0.782,3.113
66,2012-07-27,1.42,0.68,-0.7399999999999999,3.074
67,2012-07-28,1.36,0.679,-0.681,3.035
68,2012-07-29,1.28,0.706,-0.5740000000000001,2.997
69,2012-07-30,1.21,0.713,-0.497,2.958
70,2012-07-31,1.16,0.718,-0.44199999999999995,2.9189999999999996
71,2012-08-01,0.99,0.71,-0.28,2.8810000000000002
72,2012-08-02,0.92,0.6779999999999999,-0.2420000000000001,2.842
73,2012-08-03,0.85,0.647,-0.20299999999999996,2.803
74,2012-08-04,0.76,0.617,-0.14300000000000002,2.765
75,2012-08-05,0.72,0.5920000000000001,-0.1279999999999999,2.7260000000000004
76,2012-08-06,0.65,0.57,-0.08000000000000007,2.687
77,2012-08-07,0.6,0.546,-0.05399999999999994,2.648
78,2012-08-08,0.59,0.5429999999999999,-0.04700000000000004,2.61
79,2012-08-09,0.57,0.544,-0.025999999999999912,2.571
80,2012-08-10,0.56,0.55,-0.010000000000000009,2.532
81,2012-08-11,0.63,0.573,-0.05700000000000005,2.494
82,2012-08-12,0.67,0.578,-0.09200000000000008,2.455
83,2012-08-13,0.66,0.563,-0.09700000000000009,2.416
84,2012-08-14,0.65,0.537,-0.11299999999999999,2.377
85,2012-08-15,0.62,0.513,-0.10699999999999998,2.339
86,2012-08-16,0.6,0.49,-0.10999999999999999,2.3
87,2012-08-17,0.56,0.46799999999999997,-0.09200000000000008,2.2569999999999997
88,2012-08-18,0.52,0.447,-0.07300000000000001,2.213
89,2012-08-19,0.5,0.42700000000000005,-0.07299999999999995,2.17
90,2012-08-20,0.51,0.48100000000000004,-0.02899999999999997,2.127
91,2012-08-21,0.49,0.537,0.04700000000000004,2.083
92,2012-08-22,0.48,0.531,0.051000000000000045,2.04
93,2012-08-23,0.44,0.519,0.07900000000000001,1.9969999999999999
94,2012-08-24,0.41,0.49700000000000005,0.08700000000000008,1.953
95,2012-08-25,0.41,0.475,0.065,1.91
96,2012-08-26,0.41,0.485,0.07500000000000001,1.867
97,2012-08-27,0.39,0.494,0.10399999999999998,1.8230000000000002
98,2012-08-28,0.38,0.473,0.09299999999999997,1.78
99,2012-08-29,0.39,0.462,0.07200000000000001,1.7369999999999999
100,2012-08-30,0.37,0.45,0.08000000000000002,1.693
101,2012-08-31,0.35,0.435,0.08500000000000002,1.65
102,2012-09-01,0.34,0.425,0.08499999999999996,1.607
103,2012-09-02,0.34,0.414,0.07399999999999995,1.5630000000000002
104,2012-09-03,0.38,0.434,0.05399999999999999,1.52
105,2012-09-04,0.43,0.469,0.03899999999999998,1.4769999999999999
106,2012-09-05,0.83,0.562,-0.2679999999999999,1.433
107,2012-09-06,2.04,0.846,-1.194,1.39
108,2012-09-07,3.17,1.291,-1.879,1.347
109,2012-09-08,5.28,3.503,-1.7770000000000001,1.3030000000000002
110,2012-09-09,5.72,4.923,-0.7969999999999997,1.26
111,2012-09-10,5.25,4.433,-0.8170000000000002,1.217
112,2012-09-11,4.56,3.799,-0.7609999999999997,1.173
113,2012-09-12,4.12,3.366,-0.754,1.13
114,2012-09-13,3.6,3.125,-0.4750000000000001,1.087
115,2012-09-14,3.51,3.135,-0.375,1.043
116,2012-09-15,4.55,3.891,-0.6589999999999998,1.0
117,2012-09-16,5.51,4.835,-0.6749999999999998,0.99
118,2012-09-17,5.86,5.153,-0.7070000000000007,0.981
119,2012-09-18,5.4,4.6160000000000005,-0.7839999999999998,0.971
120,2012-09-19,4.51,3.736,-0.7739999999999996,0.961
121,2012-09-20,3.79,3.063,-0.7269999999999999,0.9520000000000001
122,2012-09-21,3.29,3.069,-0.22100000000000009,0.9420000000000001
123,2012-09-22,2.98,3.109,0.129,0.932
124,2012-09-23,2.95,2.653,-0.29700000000000015,0.9229999999999999
125,2012-09-24,2.52,2.1319999999999997,-0.38800000000000034,0.9129999999999999
126,2012-09-25,1.89,1.686,-0.20399999999999996,0.903
127,2012-09-26,1.64,1.331,-0.30899999999999994,0.894
128,2012-09-27,1.38,1.097,-0.2829999999999999,0.884
129,2012-09-28,1.24,1.06,-0.17999999999999994,0.8740000000000001
130,2012-09-29,1.07,1.053,-0.017000000000000126,0.865
131,2012-09-30,0.95,1.047,0.09699999999999998,0.855
132,2012-10-01,0.9,1.03,0.13,0.845
133,2012-10-02,0.83,0.995,0.16500000000000004,0.835
134,2012-10-03,0.79,0.971,0.18099999999999994,0.826
135,2012-10-04,0.77,0.946,0.17599999999999993,0.816
136,2012-10-05,0.7,0.907,0.20700000000000007,0.8059999999999999
137,2012-10-06,0.68,0.868,0.18799999999999994,0.797
138,2012-10-07,1.05,1.311,0.2609999999999999,0.787
139,2012-10-08,1.73,2.605,0.875,0.777
140,2012-10-09,2.05,2.761,0.7110000000000003,0.768
141,2012-10-10,2.16,2.5989999999999998,0.4389999999999996,0.758
142,2012-10-11,2.07,2.4659999999999997,0.3959999999999999,0.748
143,2012-10-12,1.93,2.094,0.16399999999999992,0.7390000000000001
144,2012-10-13,1.79,1.6580000000000001,-0.1319999999999999,0.7290000000000001
145,2012-10-14,1.55,1.31,-0.24,0.7190000000000001
146,2012-10-15,1.37,1.0959999999999999,-0.27400000000000024,0.71
147,2012-10-16,1.25,1.046,-0.20399999999999996,0.7
148,2012-10-17,1.08,1.002,-0.07800000000000007,0.6829999999999999
149,2012-10-18,0.99,0.961,-0.029000000000000026,0.667
150,2012-10-19,0.89,0.9520000000000001,0.062000000000000055,0.65
151,2012-10-20,0.84,0.95,0.10999999999999999,0.633
152,2012-10-21,0.76,0.9159999999999999,0.15599999999999992,0.617
153,2012-10-22,0.73,0.893,0.16300000000000003,0.6
154,2012-10-23,0.8,0.922,0.122,0.583
155,2012-10-24,1.6,1.548,-0.052000000000000046,0.5670000000000001
156,2012-10-25,1.98,2.504,0.524,0.55
157,2012-10-26,2.08,2.32,0.23999999999999977,0.5329999999999999
158,2012-10-27,2.08,2.016,-0.06400000000000006,0.517
159,2012-10-28,1.97,1.72,-0.25,0.5
160,2012-10-29,1.82,1.4069999999999998,-0.41300000000000026,0.483
161,2012-10-30,1.65,1.143,-0.5069999999999999,0.467
162,2012-10-31,1.5,1.072,-0.42799999999999994,0.45
163,2012-11-01,1.35,1.028,-0.32200000000000006,0.433
164,2012-11-02,1.3,1.034,-0.266,0.41700000000000004
165,2012-11-03,1.51,1.1540000000000001,-0.35599999999999987,0.4
166,2012-11-04,1.56,1.209,-0.351,0.38299999999999995
167,2012-11-05,1.53,1.089,-0.44100000000000006,0.36700000000000005
168,2012-11-06,1.46,1.044,-0.4159999999999999,0.35
169,2012-11-07,1.48,1.095,-0.385,0.33299999999999996
170,2012-11-08,1.46,1.159,-0.30099999999999993,0.317
171,2012-11-09,1.36,1.091,-0.26900000000000013,0.3
172,2012-11-10,1.29,1.054,-0.236,0.28300000000000003
173,2012-11-11,1.17,1.07,-0.09999999999999987,0.267
174,2012-11-12,1.25,1.416,0.16599999999999993,0.25
175,2012-11-13,1.46,1.65,0.18999999999999995,0.233
176,2012-11-14,1.78,1.986,0.20599999999999996,0.217
177,2012-11-15,3.47,3.593,0.12299999999999978,0.2
178,2012-11-16,5.11,4.721,-0.38900000000000023,0.19699999999999998
179,2012-11-17,5.03,4.428999999999999,-0.6010000000000009,0.19399999999999998
180,2012-11-18,4.53,3.7,-0.8300000000000001,0.19
181,2012-11-19,3.9,3.3510000000000004,-0.5489999999999995,0.187
182,2012-11-20,3.37,3.3160000000000003,-0.053999999999999826,0.184
183,2012-11-21,2.87,2.937,0.06699999999999973,0.18100000000000002
184,2012-11-22,2.75,2.667,-0.08300000000000018,0.177
185,2012-11-23,2.67,2.695,0.02499999999999991,0.174
186,2012-11-24,2.76,2.7939999999999996,0.03399999999999981,0.171
187,2012-11-25,2.63,2.572,-0.05799999999999983,0.168
188,2012-11-26,2.37,2.045,-0.3250000000000002,0.165
189,2012-11-27,2.06,1.626,-0.43400000000000016,0.161
190,2012-11-28,1.79,1.291,-0.4990000000000001,0.158
191,2012-11-29,1.57,1.117,-0.45300000000000007,0.155
192,2012-11-30,1.34,1.071,-0.26900000000000013,0.152
193,2012-12-01,1.12,1.028,-0.09200000000000008,0.14800000000000002
194,2012-12-02,0.96,0.986,0.026000000000000023,0.145
195,2012-12-03,0.85,0.9470000000000001,0.09700000000000009,0.142
196,2012-12-04,0.78,0.91,0.13,0.139
197,2012-12-05,0.72,0.875,0.15500000000000003,0.135
198,2012-12-06,0.69,0.84,0.15000000000000002,0.132
199,2012-12-07,0.62,0.807,0.18700000000000006,0.129
200,2012-12-08,0.58,0.774,0.19400000000000006,0.126
201,2012-12-09,0.53,0.743,0.21299999999999997,0.12300000000000001
202,2012-12-10,0.5,0.713,0.21299999999999997,0.11900000000000001
203,2012-12-11,0.48,0.69,0.20999999999999996,0.11599999999999999
204,2012-12-12,0.46,0.6709999999999999,0.2109999999999999,0.113
205,2012-12-13,0.46,0.6459999999999999,0.1859999999999999,0.11
206,2012-12-14,0.44,0.619,0.179,0.106
207,2012-12-15,0.39,0.594,0.20399999999999996,0.10300000000000001
208,2012-12-16,0.37,0.57,0.19999999999999996,0.1
209,2012-12-17,0.36,0.547,0.18700000000000006,0.1
210,2012-12-18,0.36,0.525,0.16500000000000004,0.1
211,2012-12-19,0.36,0.504,0.14400000000000002,0.1
212,2012-12-20,0.35,0.493,0.14300000000000002,0.1
213,2012-12-21,0.33,0.48200000000000004,0.15200000000000002,0.1
214,2012-12-22,0.32,0.462,0.14200000000000002,0.1
215,2012-12-23,0.31,0.44299999999999995,0.13299999999999995,0.1
216,2012-12-24,0.3,0.425,0.125,0.1
217,2012-12-25,0.29,0.408,0.118,0.1
218,2012-12-26,0.28,0.391,0.11099999999999999,0.1
219,2012-12-27,0.31,0.38299999999999995,0.07299999999999995,0.1
220,2012-12-28,0.35,0.409,0.059,0.1
221,2012-12-29,0.36,0.424,0.064,0.1
222,2012-12-30,0.36,0.42100000000000004,0.061000000000000054,0.1
223,2012-12-31,0.36,0.418,0.057999999999999996,0.1
224,2013-01-01,0.35,0.405,0.05500000000000005,0.1
225,2013-01-02,0.35,0.39799999999999996,0.04799999999999999,0.1
226,2013-01-03,0.39,0.447,0.056999999999999995,0.1
227,2013-01-04,0.62,0.753,0.133,0.1
228,2013-01-05,1.02,1.037,0.016999999999999904,0.1
229,2013-01-06,1.87,1.609,-0.2610000000000001,0.1
230,2013-01-07,2.63,2.441,-0.18900000000000006,0.1
231,2013-01-08,2.9,2.5380000000000003,-0.36199999999999966,0.1
232,2013-01-09,3.12,2.559,-0.5609999999999999,0.1
233,2013-01-10,2.95,2.282,-0.6680000000000001,0.1
234,2013-01-11,2.61,1.817,-0.7929999999999999,0.1
235,2013-01-12,2.23,1.446,-0.784,0.1
236,2013-01-13,1.9,1.178,-0.722,0.1
237,2013-01-14,1.64,1.105,-0.5349999999999999,0.1
238,2013-01-15,1.37,1.06,-0.31000000000000005,0.1
239,2013-01-16,1.19,1.018,-0.17199999999999993,0.1
240,2013-01-17,1.02,0.977,-0.04300000000000004,0.11
241,2013-01-18,0.87,0.937,0.06700000000000006,0.114
242,2013-01-19,0.75,0.9,0.15000000000000002,0.11699999999999999
243,2013-01-20,0.71,0.8640000000000001,0.15400000000000014,0.121
244,2013-01-21,0.65,0.83,0.17999999999999994,0.124
245,2013-01-22,0.6,0.797,0.19700000000000006,0.128
246,2013-01-23,0.55,0.765,0.21499999999999997,0.131
247,2013-01-24,0.51,0.735,0.22499999999999998,0.134
248,2013-01-25,0.49,0.7070000000000001,0.21700000000000008,0.138
249,2013-01-26,0.46,0.68,0.22000000000000003,0.141
250,2013-01-27,0.43,0.654,0.22400000000000003,0.145
251,2013-01-28,0.43,0.637,0.20700000000000002,0.14800000000000002
252,2013-01-29,0.42,0.624,0.20400000000000001,0.152
253,2013-01-30,0.41,0.608,0.198,0.155
254,2013-01-31,0.39,0.5920000000000001,0.20200000000000007,0.159
255,2013-02-01,0.4,0.5770000000000001,0.17700000000000005,0.155
256,2013-02-02,0.42,0.583,0.16299999999999998,0.159
257,2013-02-03,0.42,0.593,0.173,0.162
258,2013-02-04,0.42,0.58,0.15999999999999998,0.166
259,2013-02-05,0.4,0.5589999999999999,0.15899999999999992,0.16899999999999998
260,2013-02-06,0.4,0.545,0.14500000000000002,0.172
261,2013-02-07,0.39,0.53,0.14,0.17600000000000002
262,2013-02-08,0.39,0.509,0.119,0.179
263,2013-02-09,5.44,0.488,-4.952,0.183
264,2013-02-10,10.27,0.46799999999999997,-9.802,0.18600000000000003
265,2013-02-11,10.905,0.45,-10.455,0.19
266,2013-02-12,8.925,0.43200000000000005,-8.493,0.193
267,2013-02-13,6.53,0.415,-6.115,0.19699999999999998
268,2013-02-14,4.77,0.39799999999999996,-4.372,0.2
269,2013-02-15,3.505,0.38299999999999995,-3.122,0.217
270,2013-02-16,2.6,0.368,-2.232,0.233
271,2013-02-17,2.005,0.358,-1.6469999999999998,0.25
272,2013-02-18,1.645,0.39899999999999997,-1.246,0.267
273,2013-02-19,1.935,0.433,-1.502,0.28300000000000003
274,2013-02-20,2.215,0.41600000000000004,-1.799,0.3
275,2013-02-21,1.975,0.39899999999999997,-1.576,0.317
276,2013-02-22,1.715,0.38799999999999996,-1.3270000000000002,0.33299999999999996
277,2013-02-23,1.44,0.382,-1.0579999999999998,0.35
278,2013-02-24,1.21,0.395,-0.815,0.36700000000000005
279,2013-02-25,1.03,0.402,-0.628,0.38299999999999995
280,2013-02-26,0.895,0.405,-0.49,0.4
281,2013-02-27,0.8,0.585,-0.21500000000000008,0.41700000000000004
282,2013-02-28,0.67,0.907,0.237,0.433
283,2013-03-01,0.595,1.11,0.5150000000000001,0.45
284,2013-03-02,0.53,1.204,0.6739999999999999,0.467
285,2013-03-03,0.49,1.229,0.7390000000000001,0.483
286,2013-03-04,0.465,1.28,0.815,0.5
287,2013-03-05,0.445,2.161,1.716,0.517
288,2013-03-06,0.485,3.2,2.7150000000000003,0.5329999999999999
289,2013-03-07,5.42,3.1239999999999997,-2.2960000000000003,0.55
290,2013-03-08,4.69,2.5269999999999997,-2.1630000000000007,0.5670000000000001
291,2013-03-09,3.97,2.0180000000000002,-1.952,0.583
292,2013-03-10,3.47,1.608,-1.862,0.6
293,2013-03-11,2.57,1.339,-1.2309999999999999,0.617
294,2013-03-12,2.23,1.198,-1.032,0.633
295,2013-03-13,1.92,1.133,-0.7869999999999999,0.65
296,2013-03-14,1.69,1.089,-0.601,0.667
297,2013-03-15,1.41,1.046,-0.3639999999999999,0.6829999999999999
298,2013-03-16,1.25,1.004,-0.246,0.7
299,2013-03-17,1.25,0.9640000000000001,-0.2859999999999999,0.71
300,2013-03-18,1.25,0.925,-0.32499999999999996,0.72
301,2013-03-19,1.25,0.888,-0.362,0.73
302,2013-03-20,1.06,0.852,-0.20800000000000007,0.74
303,2013-03-21,0.69,0.818,0.128,0.75
304,2013-03-22,0.63,0.785,0.15500000000000003,0.76
305,2013-03-23,0.64,0.753,0.11299999999999999,0.77
306,2013-03-24,0.64,0.723,0.08299999999999996,0.78
307,2013-03-25,0.49,0.695,0.20499999999999996,0.79
308,2013-03-26,0.46,0.679,0.21900000000000003,0.8
309,2013-03-27,0.47,0.6679999999999999,0.19799999999999995,0.81
310,2013-03-28,0.5,0.65,0.15000000000000002,0.82
311,2013-03-29,0.51,0.629,0.119,0.83
312,2013-03-30,0.51,0.603,0.09299999999999997,0.84
313,2013-03-31,0.51,0.579,0.06899999999999995,0.85
314,2013-04-01,0.51,0.5660000000000001,0.05600000000000005,0.86
315,2013-04-02,0.51,0.56,0.050000000000000044,0.87
316,2013-04-03,0.48,0.5489999999999999,0.06899999999999995,0.88
317,2013-04-04,0.45,0.54,0.09000000000000002,0.89
318,2013-04-05,0.46,0.529,0.069,0.9
319,2013-04-06,0.45,0.511,0.061,0.91
320,2013-04-07,0.42,0.49200000000000005,0.07200000000000006,0.92
321,2013-04-08,0.41,0.47200000000000003,0.062000000000000055,0.93
322,2013-04-09,0.42,0.45299999999999996,0.032999999999999974,0.94
323,2013-04-10,0.42,0.43799999999999994,0.01799999999999996,0.95
324,2013-04-11,0.42,0.424,0.0040000000000000036,0.96
325,2013-04-12,0.41,0.40700000000000003,-0.002999999999999947,0.97
326,2013-04-13,0.4,0.39,-0.010000000000000009,0.98
327,2013-04-14,0.4,0.375,-0.025000000000000022,0.99
328,2013-04-15,0.37,0.41,0.03999999999999998,1.0
329,2013-04-16,0.36,0.637,0.277,1.042
330,2013-04-17,0.58,1.2770000000000001,0.6970000000000002,1.084
331,2013-04-18,1.34,2.6630000000000003,1.3230000000000002,1.126
332,2013-04-19,2.91,3.786,0.8759999999999999,1.168
333,2013-04-20,3.82,4.252,0.43199999999999994,1.21
334,2013-04-21,3.92,3.906,-0.01399999999999979,1.252
335,2013-04-22,4.04,4.0569999999999995,0.01699999999999946,1.294
336,2013-04-23,4.13,4.242,0.1120000000000001,1.335
337,2013-04-24,4.68,4.797,0.11699999999999999,1.3769999999999998
338,2013-04-25,5.76,5.766,0.006000000000000227,1.419
339,2013-04-26,6.36,5.912999999999999,-0.44700000000000095,1.4609999999999999
340,2013-04-27,6.38,5.54,-0.8399999999999999,1.5030000000000001
341,2013-04-28,6.38,4.861000000000001,-1.5189999999999992,1.545
342,2013-04-29,5.14,4.375,-0.7649999999999997,1.587
343,2013-04-30,4.66,4.046,-0.6139999999999999,1.629
344,2013-05-01,4.07,3.5580000000000003,-0.512,1.671
345,2013-05-02,4.07,3.321,-0.7490000000000001,1.713
346,2013-05-03,3.64,3.031,-0.609,1.755
347,2013-05-04,3.31,2.541,-0.7690000000000001,1.797
348,2013-05-05,3.32,2.5,-0.8199999999999998,1.839
349,2013-05-06,3.16,3.725,0.565,1.881
350,2013-05-07,3.54,5.19,1.6500000000000004,1.923
351,2013-05-08,4.64,5.602,0.9620000000000006,1.965
352,2013-05-09,5.07,6.577000000000001,1.5070000000000006,2.006
353,2013-05-10,6.0,7.747000000000001,1.7470000000000008,2.048
354,2013-05-11,6.84,7.72,0.8799999999999999,2.09
355,2013-05-12,6.84,7.3839999999999995,0.5439999999999996,2.1319999999999997
356,2013-05-13,6.84,7.247999999999999,0.4079999999999995,2.174
357,2013-05-14,7.48,7.041,-0.43900000000000006,2.2159999999999997
358,2013-05-15,7.81,6.239,-1.5709999999999997,2.258
359,2013-05-16,7.81,5.824,-1.9859999999999998,2.3
360,2013-05-17,7.81,5.981,-1.8289999999999997,2.34
361,2013-05-18,7.81,6.398,-1.412,2.38
362,2013-05-19,7.81,7.0520000000000005,-0.7579999999999991,2.42
363,2013-05-20,7.23,7.341,0.11099999999999977,2.46
364,2013-05-21,5.66,7.44,1.7800000000000002,2.5
365,2013-05-22,5.66,7.877000000000001,2.2170000000000005,2.54
366,2013-05-23,5.35,7.681,2.3310000000000004,2.58
367,2013-05-24,5.02,6.556,1.5360000000000005,2.62
368,2013-05-25,5.01,5.461,0.4510000000000005,2.66
369,2013-05-26,4.73,4.488,-0.242,2.7
370,2013-05-27,2.92,3.645,0.7250000000000001,2.74
371,2013-05-28,2.59,2.969,0.379,2.78
372,2013-05-29,2.31,2.396,0.08599999999999985,2.82
373,2013-05-30,1.93,1.9040000000000001,-0.0259999999999998,2.86
374,2013-05-31,1.69,1.499,-0.19099999999999984,2.9
375,2013-06-01,1.54,1.216,-0.32400000000000007,2.94
376,2013-06-02,1.18,1.005,-0.17500000000000004,2.98
377,2013-06-03,1.18,1.635,0.45500000000000007,3.02
378,2013-06-04,1.13,2.2969999999999997,1.1669999999999998,3.06
379,2013-06-05,1.12,1.973,0.853,3.1
380,2013-06-06,1.12,1.555,0.43499999999999983,3.14
381,2013-06-07,1.11,1.213,0.10299999999999998,3.18
382,2013-06-08,1.1,1.046,-0.05400000000000005,3.22
383,2013-06-09,1.09,1.349,0.2589999999999999,3.26
384,2013-06-10,1.08,1.507,0.4269999999999998,3.3
385,2013-06-11,1.07,1.2209999999999999,0.1509999999999998,3.34
386,2013-06-12,1.05,0.998,-0.052000000000000046,3.38
387,2013-06-13,1.05,0.9420000000000001,-0.10799999999999998,3.42
388,2013-06-14,0.86,0.941,0.08099999999999996,3.46
389,2013-06-15,0.75,1.204,0.45399999999999996,3.5
390,2013-06-16,0.75,1.4069999999999998,0.6569999999999998,3.5
391,2013-06-17,0.75,1.311,0.5609999999999999,3.5
392,2013-06-18,0.81,1.207,0.397,3.5
393,2013-06-19,0.86,1.018,0.15800000000000003,3.5
394,2013-06-20,0.86,1.065,0.20499999999999996,3.5
395,2013-06-21,0.78,1.055,0.2749999999999999,3.5
396,2013-06-22,0.71,1.659,0.9490000000000001,3.5
397,2013-06-23,0.87,2.301,1.431,3.5
398,2013-06-24,1.2,2.003,0.8030000000000002,3.5
399,2013-06-25,1.08,1.758,0.6779999999999999,3.5
400,2013-06-26,1.02,1.548,0.528,3.5
401,2013-06-27,0.98,1.2,0.21999999999999997,3.5
402,2013-06-28,0.98,1.024,0.04400000000000004,3.5
403,2013-06-29,0.98,0.975,-0.0050000000000000044,3.5
404,2013-06-30,0.98,0.968,-0.01200000000000001,3.5
405,2013-07-01,0.85,0.958,0.10799999999999998,3.5
406,2013-07-02,0.64,0.9309999999999999,0.2909999999999999,3.5
407,2013-07-03,0.6,0.904,0.30400000000000005,3.5
408,2013-07-04,0.57,0.862,0.29200000000000004,3.5
409,2013-07-05,0.53,0.85,0.31999999999999995,3.5
410,2013-07-06,0.52,0.867,0.347,3.5
411,2013-07-07,0.52,0.858,0.33799999999999997,3.5
412,2013-07-08,0.52,0.8390000000000001,0.31900000000000006,3.5
413,2013-07-09,0.52,0.826,0.30599999999999994,3.5
414,2013-07-10,0.52,0.8190000000000001,0.29900000000000004,3.5
415,2013-07-11,0.52,0.81,0.29000000000000004,3.5
416,2013-07-12,0.4,0.777,0.377,3.5
417,2013-07-13,0.37,0.747,0.377,3.5
418,2013-07-14,0.4,0.7809999999999999,0.3809999999999999,3.5
419,2013-07-15,0.82,1.021,0.20099999999999996,3.5
420,2013-07-16,1.91,1.689,-0.22099999999999986,3.5
421,2013-07-17,2.47,2.0580000000000003,-0.4119999999999999,3.4610000000000003
422,2013-07-18,2.9,2.3569999999999998,-0.5430000000000001,3.423
423,2013-07-19,3.18,2.496,-0.6840000000000002,3.384
424,2013-07-20,3.29,2.511,-0.7789999999999999,3.345
425,2013-07-21,3.29,2.414,-0.8759999999999999,3.306
426,2013-07-22,3.09,2.051,-1.0389999999999997,3.2680000000000002
427,2013-07-23,2.9,1.605,-1.295,3.2289999999999996
428,2013-07-24,2.64,1.25,-1.3900000000000001,3.19
429,2013-07-25,2.0,1.014,-0.986,3.1519999999999997
430,2013-07-26,1.86,0.9590000000000001,-0.901,3.113
431,2013-07-27,1.86,0.9159999999999999,-0.9440000000000002,3.074
432,2013-07-28,1.04,0.8759999999999999,-0.16400000000000015,3.035
433,2013-07-29,0.9,0.853,-0.04700000000000004,2.997
434,2013-07-30,0.79,0.83,0.039999999999999925,2.958
435,2013-07-31,0.82,0.8690000000000001,0.049000000000000155,2.9189999999999996
436,2013-08-01,1.16,0.963,-0.19699999999999995,2.8810000000000002
437,2013-08-02,1.19,0.977,-0.21299999999999997,2.842
438,2013-08-03,1.21,0.935,-0.2749999999999999,2.803
439,2013-08-04,1.11,0.932,-0.17800000000000005,2.765
440,2013-08-05,0.99,0.948,-0.04200000000000004,2.7260000000000004
441,2013-08-06,0.91,0.9279999999999999,0.017999999999999905,2.687
442,2013-08-07,0.88,0.937,0.05700000000000005,2.648
443,2013-08-08,0.83,0.945,0.11499999999999999,2.61
444,2013-08-09,0.79,0.93,0.14,2.571
445,2013-08-10,0.8,0.9259999999999999,0.1259999999999999,2.532
446,2013-08-11,0.78,0.8959999999999999,0.11599999999999988,2.494
447,2013-08-12,0.74,0.879,0.139,2.455
448,2013-08-13,0.77,0.892,0.122,2.416
449,2013-08-14,0.76,0.8859999999999999,0.1259999999999999,2.377
450,2013-08-15,0.73,0.853,0.123,2.339
451,2013-08-16,0.67,0.816,0.1459999999999999,2.3
452,2013-08-17,0.63,0.7879999999999999,0.15799999999999992,2.2569999999999997
453,2013-08-18,0.6,0.762,0.16200000000000003,2.213
454,2013-08-19,0.62,0.765,0.14500000000000002,2.17
455,2013-08-20,0.64,0.797,0.15700000000000003,2.127
456,2013-08-21,0.81,0.866,0.05599999999999994,2.083
457,2013-08-22,1.14,0.9440000000000001,-0.19599999999999984,2.04
458,2013-08-23,1.17,0.945,-0.22499999999999998,1.9969999999999999
459,2013-08-24,1.15,0.905,-0.24499999999999988,1.953
460,2013-08-25,0.96,0.867,-0.09299999999999997,1.91
461,2013-08-26,0.91,0.831,-0.07900000000000007,1.867
462,2013-08-27,0.83,0.7959999999999999,-0.03400000000000003,1.8230000000000002
463,2013-08-28,0.75,0.8009999999999999,0.050999999999999934,1.78
464,2013-08-29,0.71,0.8140000000000001,0.10400000000000009,1.7369999999999999
465,2013-08-30,0.67,0.7879999999999999,0.11799999999999988,1.693
466,2013-08-31,0.61,0.754,0.14400000000000002,1.65
467,2013-09-01,0.6,0.76,0.16000000000000003,1.607
468,2013-09-02,0.56,0.778,0.21799999999999997,1.5630000000000002
469,2013-09-03,0.54,0.762,0.22199999999999998,1.52
470,2013-09-04,0.52,0.742,0.22199999999999998,1.4769999999999999
471,2013-09-05,0.48,0.715,0.235,1.433
472,2013-09-06,0.47,0.6829999999999999,0.21299999999999997,1.39
473,2013-09-07,0.43,0.653,0.22300000000000003,1.347
474,2013-09-08,0.42,0.624,0.20400000000000001,1.3030000000000002
475,2013-09-09,0.4,0.596,0.19599999999999995,1.26
476,2013-09-10,0.38,0.57,0.18999999999999995,1.217
477,2013-09-11,0.35,0.5489999999999999,0.19899999999999995,1.173
478,2013-09-12,0.34,0.529,0.189,1.13
479,2013-09-13,0.32,0.505,0.185,1.087
480,2013-09-14,0.31,0.483,0.173,1.043
481,2013-09-15,0.32,0.49200000000000005,0.17200000000000004,1.0
482,2013-09-16,0.3,0.501,0.201,0.99
483,2013-09-17,0.29,0.478,0.188,0.981
484,2013-09-18,0.27,0.456,0.186,0.971
485,2013-09-19,0.27,0.435,0.16499999999999998,0.961
486,2013-09-20,0.25,0.415,0.16499999999999998,0.9520000000000001
487,2013-09-21,0.24,0.396,0.15600000000000003,0.9420000000000001
488,2013-09-22,0.27,0.43799999999999994,0.16799999999999993,0.932
489,2013-09-23,0.37,0.579,0.20899999999999996,0.9229999999999999
490,2013-09-24,0.46,0.695,0.23499999999999993,0.9129999999999999
491,2013-09-25,0.5,0.732,0.23199999999999998,0.903
492,2013-09-26,0.5,0.726,0.22599999999999998,0.894
493,2013-09-27,0.49,0.695,0.20499999999999996,0.884
494,2013-09-28,0.5,0.6729999999999999,0.17299999999999993,0.8740000000000001
495,2013-09-29,0.48,0.652,0.17200000000000004,0.865
496,2013-09-30,0.47,0.628,0.15800000000000003,0.855
497,2013-10-01,0.44,0.604,0.16399999999999998,0.845
498,2013-10-02,0.42,0.5770000000000001,0.15700000000000008,0.835
499,2013-10-03,0.41,0.552,0.14200000000000007,0.826
500,2013-10-04,0.39,0.527,0.137,0.816
501,2013-10-05,0.41,0.544,0.13400000000000006,0.8059999999999999
502,2013-10-06,0.51,0.603,0.09299999999999997,0.797
503,2013-10-07,1.11,0.772,-0.3380000000000001,0.787
504,2013-10-08,2.03,1.006,-1.0239999999999998,0.777
505,2013-10-09,2.75,1.587,-1.163,0.768
506,2013-10-10,3.0,1.9769999999999999,-1.0230000000000001,0.758
507,2013-10-11,2.78,1.83,-0.9499999999999997,0.748
508,2013-10-12,2.45,1.579,-0.8710000000000002,0.7390000000000001
509,2013-10-13,2.16,1.3,-0.8600000000000001,0.7290000000000001
510,2013-10-14,1.88,1.089,-0.7909999999999999,0.7190000000000001
511,2013-10-15,1.63,1.045,-0.585,0.71
512,2013-10-16,1.38,1.013,-0.367,0.7
513,2013-10-17,1.26,1.02,-0.24,0.6829999999999999
514,2013-10-18,1.14,1.041,-0.09899999999999998,0.667
515,2013-10-19,1.1,1.048,-0.052000000000000046,0.65
516,2013-10-20,0.99,1.036,0.04600000000000004,0.633
517,2013-10-21,0.9,0.996,0.09599999999999997,0.617
518,2013-10-22,0.84,0.9540000000000001,0.1140000000000001,0.6
519,2013-10-23,0.88,1.021,0.1409999999999999,0.583
520,2013-10-24,1.1,1.662,0.5619999999999998,0.5670000000000001
521,2013-10-25,1.53,2.403,0.873,0.55
522,2013-10-26,1.7,2.362,0.6620000000000001,0.5329999999999999
523,2013-10-27,1.88,2.2319999999999998,0.35199999999999987,0.517
524,2013-10-28,1.85,2.166,0.31599999999999984,0.5
525,2013-10-29,1.75,1.804,0.05400000000000005,0.483
526,2013-10-30,1.72,1.7369999999999999,0.016999999999999904,0.467
527,2013-10-31,1.63,1.8090000000000002,0.17900000000000027,0.45
528,2013-11-01,1.48,1.65,0.16999999999999993,0.433
529,2013-11-02,1.33,1.382,0.051999999999999824,0.41700000000000004
530,2013-11-03,1.21,1.128,-0.08200000000000007,0.4
531,2013-11-04,1.07,1.063,-0.007000000000000117,0.38299999999999995
532,2013-11-05,0.96,1.026,0.06600000000000006,0.36700000000000005
533,2013-11-06,0.87,1.0,0.13,0.35
534,2013-11-07,0.8,0.9670000000000001,0.16700000000000004,0.33299999999999996
535,2013-11-08,0.75,0.9279999999999999,0.17799999999999994,0.317
536,2013-11-09,0.69,0.8909999999999999,0.20099999999999996,0.3
537,2013-11-10,0.64,0.855,0.21499999999999997,0.28300000000000003
538,2013-11-11,0.6,0.833,0.23299999999999998,0.267
539,2013-11-12,0.58,0.851,0.271,0.25
540,2013-11-13,0.62,0.9540000000000001,0.3340000000000001,0.233
541,2013-11-14,0.71,1.071,0.361,0.217
542,2013-11-15,1.06,1.153,0.09299999999999997,0.2
543,2013-11-16,8.0,5.763,-2.237,0.19699999999999998
544,2013-11-17,10.02,9.479,-0.5410000000000004,0.19399999999999998
545,2013-11-18,8.5,8.359,-0.14100000000000001,0.19
546,2013-11-19,6.67,7.0489999999999995,0.37899999999999956,0.187
547,2013-11-20,5.21,5.752000000000001,0.5420000000000007,0.184
548,2013-11-21,4.01,4.5969999999999995,0.5869999999999997,0.18100000000000002
549,2013-11-22,3.15,3.658,0.508,0.177
550,2013-11-23,2.78,3.3739999999999997,0.5939999999999999,0.174
551,2013-11-24,2.51,3.2769999999999997,0.7669999999999999,0.171
552,2013-11-25,2.27,2.8369999999999997,0.5669999999999997,0.168
553,2013-11-26,2.28,2.4819999999999998,0.20199999999999996,0.165
554,2013-11-27,7.31,3.813,-3.4969999999999994,0.161
555,2013-11-28,10.83,6.836,-3.9939999999999998,0.158
556,2013-11-29,9.56,8.129,-1.431000000000001,0.155
557,2013-11-30,7.82,7.182,-0.6379999999999999,0.152
558,2013-12-01,7.35,7.455,0.10500000000000043,0.14800000000000002
559,2013-12-02,6.88,7.474,0.5940000000000003,0.145
560,2013-12-03,10.35,8.021,-2.328999999999999,0.142
561,2013-12-04,10.14,8.317,-1.8230000000000004,0.139
562,2013-12-05,8.21,6.803999999999999,-1.4060000000000015,0.135
563,2013-12-06,6.33,5.544,-0.7860000000000005,0.132
564,2013-12-07,5.06,4.504,-0.556,0.129
565,2013-12-08,4.08,3.747,-0.3330000000000002,0.126
566,2013-12-09,3.28,3.055,-0.22499999999999964,0.12300000000000001
567,2013-12-10,3.26,2.577,-0.6829999999999998,0.11900000000000001
568,2013-12-11,4.45,2.5269999999999997,-1.9230000000000005,0.11599999999999999
569,2013-12-12,9.56,4.748,-4.812,0.113
570,2013-12-13,11.43,7.004,-4.426,0.11
571,2013-12-14,9.38,6.5,-2.880000000000001,0.106
572,2013-12-15,7.25,5.438,-1.8120000000000003,0.10300000000000001
573,2013-12-16,5.58,4.609,-0.9710000000000001,0.1
574,2013-12-17,4.36,4.263,-0.09700000000000042,0.1
575,2013-12-18,3.66,4.816,1.1559999999999997,0.1
576,2013-12-19,2.96,4.6819999999999995,1.7219999999999995,0.1
577,2013-12-20,2.49,4.152,1.662,0.1
578,2013-12-21,2.09,3.699,1.609,0.1
579,2013-12-22,1.75,3.035,1.2850000000000001,0.1
580,2013-12-23,1.49,2.509,1.019,0.1
581,2013-12-24,1.28,2.02,0.74,0.1
582,2013-12-25,1.14,2.24,1.1000000000000003,0.1
583,2013-12-26,0.98,2.6430000000000002,1.6630000000000003,0.1
584,2013-12-27,0.86,2.521,1.661,0.1
585,2013-12-28,0.82,2.263,1.443,0.1
586,2013-12-29,0.86,2.741,1.8810000000000002,0.1
587,2013-12-30,1.38,3.99,2.6100000000000003,0.1
588,2013-12-31,1.56,4.324,2.764,0.1
589,2014-01-01,1.65,3.9,2.25,0.1
590,2014-01-02,1.61,3.417,1.8069999999999997,0.1
591,2014-01-03,1.52,2.782,1.262,0.1
592,2014-01-04,1.41,2.267,0.857,0.1
593,2014-01-05,1.27,1.841,0.571,0.1
594,2014-01-06,1.13,1.4880000000000002,0.3580000000000003,0.1
595,2014-01-07,0.98,1.216,0.236,0.1
596,2014-01-08,0.91,1.1159999999999999,0.20599999999999985,0.1
597,2014-01-09,0.84,1.071,0.23099999999999998,0.1
598,2014-01-10,0.79,1.031,0.24099999999999988,0.1
599,2014-01-11,0.73,0.996,0.266,0.1
600,2014-01-12,0.69,0.9590000000000001,0.26900000000000013,0.1
601,2014-01-13,0.63,0.92,0.29000000000000004,0.1
602,2014-01-14,0.57,0.883,0.31300000000000006,0.1
603,2014-01-15,0.53,0.847,0.31699999999999995,0.1
604,2014-01-16,0.49,0.813,0.32299999999999995,0.1
605,2014-01-17,0.45,0.78,0.33,0.11
606,2014-01-18,0.42,0.7490000000000001,0.3290000000000001,0.114
607,2014-01-19,0.4,0.7190000000000001,0.31900000000000006,0.11699999999999999
608,2014-01-20,0.36,0.69,0.32999999999999996,0.121
609,2014-01-21,0.35,0.662,0.31200000000000006,0.124
610,2014-01-22,0.33,0.635,0.305,0.128
611,2014-01-23,0.3,0.61,0.31,0.131
612,2014-01-24,0.29,0.585,0.295,0.134
613,2014-01-25,0.27,0.562,0.29200000000000004,0.138
614,2014-01-26,0.26,0.539,0.279,0.141
615,2014-01-27,0.24,0.517,0.277,0.145
616,2014-01-28,0.23,0.496,0.266,0.14800000000000002
617,2014-01-29,0.23,0.47600000000000003,0.24600000000000002,0.152
618,2014-01-30,0.22,0.457,0.23700000000000002,0.155
619,2014-01-31,0.21,0.439,0.229,0.159
620,2014-02-01,0.2,0.42100000000000004,0.22100000000000003,0.155
621,2014-02-02,0.2,0.40399999999999997,0.20399999999999996,0.159
622,2014-02-03,0.2,0.419,0.21899999999999997,0.162
623,2014-02-04,0.19,0.433,0.243,0.166
624,2014-02-05,0.18,0.415,0.235,0.16899999999999998
625,2014-02-06,0.18,0.39799999999999996,0.21799999999999997,0.172
626,2014-02-07,0.16,0.382,0.222,0.17600000000000002
627,2014-02-08,0.16,0.366,0.206,0.179
628,2014-02-09,0.15,0.35100000000000003,0.20100000000000004,0.183
629,2014-02-10,0.15,0.337,0.18700000000000003,0.18600000000000003
630,2014-02-11,0.14,0.324,0.184,0.19
631,2014-02-12,0.14,0.31,0.16999999999999998,0.193
632,2014-02-13,0.14,0.297,0.15699999999999997,0.19699999999999998
633,2014-02-14,0.14,0.285,0.14499999999999996,0.2
634,2014-02-15,0.13,0.273,0.14300000000000002,0.217
635,2014-02-16,0.13,0.262,0.132,0.233
636,2014-02-17,0.14,0.264,0.124,0.25
637,2014-02-18,0.16,0.34,0.18000000000000002,0.267
638,2014-02-19,0.17,0.40299999999999997,0.23299999999999996,0.28300000000000003
639,2014-02-20,0.16,0.39,0.23,0.3
640,2014-02-21,0.16,0.374,0.214,0.317
641,2014-02-22,0.16,0.359,0.19899999999999998,0.33299999999999996
642,2014-02-23,0.16,0.365,0.205,0.35
643,2014-02-24,0.15,0.401,0.251,0.36700000000000005
644,2014-02-25,0.16,0.43799999999999994,0.2779999999999999,0.38299999999999995
645,2014-02-26,0.16,0.466,0.30600000000000005,0.4
646,2014-02-27,0.17,0.47600000000000003,0.30600000000000005,0.41700000000000004
647,2014-02-28,0.16,0.47200000000000003,0.31200000000000006,0.433
648,2014-03-01,0.17,0.469,0.29899999999999993,0.45
649,2014-03-02,0.17,0.457,0.28700000000000003,0.467
650,2014-03-03,0.16,0.43799999999999994,0.2779999999999999,0.483
651,2014-03-04,0.16,0.419,0.259,0.5
652,2014-03-05,0.16,0.401,0.24100000000000002,0.517
653,2014-03-06,0.17,0.42,0.24999999999999997,0.5329999999999999
654,2014-03-07,0.17,0.44,0.27,0.55
655,2014-03-08,0.21,0.498,0.28800000000000003,0.5670000000000001
656,2014-03-09,0.28,0.613,0.33299999999999996,0.583
657,2014-03-10,0.49,0.8079999999999999,0.31799999999999995,0.6
658,2014-03-11,1.0,1.624,0.6240000000000001,0.617
659,2014-03-12,2.86,3.1919999999999997,0.33199999999999985,0.633
660,2014-03-13,3.88,3.5439999999999996,-0.3360000000000003,0.65
661,2014-03-14,4.07,3.642,-0.4280000000000004,0.667
662,2014-03-15,3.69,3.641,-0.04899999999999993,0.6829999999999999
663,2014-03-16,3.26,3.1919999999999997,-0.06800000000000006,0.7
664,2014-03-17,2.89,2.7060000000000004,-0.18399999999999972,0.71
665,2014-03-18,2.47,2.352,-0.11800000000000033,0.72
666,2014-03-19,2.11,1.96,-0.1499999999999999,0.73
667,2014-03-20,1.79,1.6159999999999999,-0.17400000000000015,0.74
668,2014-03-21,1.61,1.712,0.10199999999999987,0.75
669,2014-03-22,1.43,2.048,0.6180000000000001,0.76
670,2014-03-23,1.26,2.296,1.0359999999999998,0.77
671,2014-03-24,1.15,2.399,1.249,0.78
672,2014-03-25,1.03,2.1319999999999997,1.1019999999999996,0.79
673,2014-03-26,0.92,1.993,1.073,0.8
674,2014-03-27,0.82,2.113,1.2930000000000001,0.81
675,2014-03-28,0.79,2.005,1.2149999999999999,0.82
676,2014-03-29,0.73,1.9140000000000001,1.1840000000000002,0.83
677,2014-03-30,0.68,1.7519999999999998,1.0719999999999996,0.84
678,2014-03-31,0.68,1.723,1.0430000000000001,0.85
679,2014-04-01,0.68,1.784,1.104,0.86
680,2014-04-02,0.66,1.526,0.866,0.87
681,2014-04-03,0.64,1.239,0.5990000000000001,0.88
682,2014-04-04,0.6,1.119,0.519,0.89
683,2014-04-05,0.57,1.074,0.5040000000000001,0.9
684,2014-04-06,0.56,1.032,0.472,0.91
685,2014-04-07,0.57,1.122,0.5520000000000002,0.92
686,2014-04-08,0.75,1.693,0.9430000000000001,0.93
687,2014-04-09,1.49,2.206,0.716,0.94
688,2014-04-10,2.04,2.1590000000000003,0.11900000000000022,0.95
689,2014-04-11,2.51,2.198,-0.31199999999999983,0.96
690,2014-04-12,3.23,2.738,-0.492,0.97
691,2014-04-13,3.86,3.301,-0.5589999999999997,0.98
692,2014-04-14,6.32,4.883,-1.4370000000000003,0.99
693,2014-04-15,7.43,6.8020000000000005,-0.6279999999999992,1.0
694,2014-04-16,6.59,6.871,0.2810000000000006,1.042
695,2014-04-17,5.68,6.111000000000001,0.43100000000000094,1.084
696,2014-04-18,5.32,5.417000000000001,0.09700000000000042,1.126
697,2014-04-19,4.71,4.738,0.02800000000000047,1.168
698,2014-04-20,4.67,4.216,-0.45399999999999974,1.21
699,2014-04-21,4.74,3.957,-0.7830000000000004,1.252
700,2014-04-22,4.52,3.78,-0.7399999999999998,1.294
701,2014-04-23,4.14,3.2239999999999998,-0.9159999999999999,1.335
702,2014-04-24,3.77,3.017,-0.7530000000000001,1.3769999999999998
703,2014-04-25,3.545,3.11,-0.43500000000000005,1.419
704,2014-04-26,3.32,3.0210000000000004,-0.2989999999999995,1.4609999999999999
705,2014-04-27,3.12,2.928,-0.19200000000000017,1.5030000000000001
706,2014-04-28,2.88,2.8680000000000003,-0.011999999999999567,1.545
707,2014-04-29,2.73,2.778,0.04800000000000004,1.587
708,2014-04-30,2.49,2.523,0.03299999999999992,1.629
709,2014-05-01,2.21,2.273,0.06300000000000017,1.671
710,2014-05-02,1.98,2.407,0.42700000000000005,1.713
711,2014-05-03,1.94,3.092,1.1520000000000001,1.755
712,2014-05-04,1.88,3.556,1.6760000000000002,1.797
713,2014-05-05,1.79,3.177,1.387,1.839
714,2014-05-06,1.79,2.6010000000000004,0.8110000000000004,1.881
715,2014-05-07,1.89,2.247,0.357,1.923
716,2014-05-08,1.94,1.975,0.03500000000000014,1.965
717,2014-05-09,1.92,1.726,-0.19399999999999995,2.006
718,2014-05-10,1.83,1.5619999999999998,-0.26800000000000024,2.048
719,2014-05-11,1.81,1.413,-0.397,2.09
720,2014-05-12,1.71,1.2429999999999999,-0.4670000000000001,2.1319999999999997
721,2014-05-13,1.64,1.103,-0.5369999999999999,2.174
722,2014-05-14,1.46,1.0490000000000002,-0.4109999999999998,2.2159999999999997
723,2014-05-15,1.39,1.001,-0.389,2.258
724,2014-05-16,2.41,1.42,-0.9900000000000002,2.3
725,2014-05-17,2.92,2.153,-0.7669999999999999,2.34
726,2014-05-18,2.74,1.9669999999999999,-0.7730000000000004,2.38
727,2014-05-19,2.45,1.666,-0.7840000000000003,2.42
728,2014-05-20,2.16,1.5530000000000002,-0.607,2.46
729,2014-05-21,1.81,1.3940000000000001,-0.4159999999999999,2.5
730,2014-05-22,1.55,1.121,-0.42900000000000005,2.54
731,2014-05-23,1.35,1.044,-0.30600000000000005,2.58
732,2014-05-24,1.19,1.014,-0.17599999999999993,2.62
733,2014-05-25,1.08,1.113,0.03299999999999992,2.66
734,2014-05-26,1.0,1.1909999999999998,0.19099999999999984,2.7
735,2014-05-27,0.87,1.048,0.17800000000000005,2.74
736,2014-05-28,0.8,0.9790000000000001,0.17900000000000005,2.78
737,2014-05-29,0.73,0.9329999999999999,0.20299999999999996,2.82
738,2014-05-30,0.64,0.888,0.248,2.86
739,2014-05-31,0.57,0.845,0.275,2.9
740,2014-06-01,0.52,0.804,0.28400000000000003,2.94
741,2014-06-02,0.5,0.764,0.264,2.98
742,2014-06-03,0.45,0.726,0.27599999999999997,3.02
743,2014-06-04,0.42,0.6890000000000001,0.2690000000000001,3.06
744,2014-06-05,0.39,0.655,0.265,3.1
745,2014-06-06,0.37,0.653,0.28300000000000003,3.14
746,2014-06-07,0.35,0.649,0.29900000000000004,3.18
747,2014-06-08,0.33,0.616,0.286,3.22
748,2014-06-09,0.31,0.624,0.314,3.26
749,2014-06-10,0.31,0.6509999999999999,0.3409999999999999,3.3
750,2014-06-11,0.3,0.636,0.336,3.34
751,2014-06-12,0.31,0.6609999999999999,0.3509999999999999,3.38
752,2014-06-13,0.29,0.708,0.418,3.42
753,2014-06-14,0.29,0.695,0.40499999999999997,3.46
754,2014-06-15,0.27,0.659,0.389,3.5
755,2014-06-16,0.26,0.639,0.379,3.5
756,2014-06-17,0.26,0.627,0.367,3.5
757,2014-06-18,0.25,0.63,0.38,3.5
758,2014-06-19,0.33,0.688,0.35799999999999993,3.5
759,2014-06-20,0.41,0.735,0.325,3.5
760,2014-06-21,0.49,0.732,0.242,3.5
761,2014-06-22,0.8,0.8240000000000001,0.02400000000000002,3.5
762,2014-06-23,0.88,0.9009999999999999,0.020999999999999908,3.5
763,2014-06-24,0.89,0.87,-0.020000000000000018,3.5
764,2014-06-25,0.86,0.836,-0.02400000000000002,3.5
765,2014-06-26,0.82,0.8079999999999999,-0.01200000000000001,3.5
766,2014-06-27,0.75,0.787,0.03700000000000003,3.5
767,2014-06-28,0.69,0.7559999999999999,0.06599999999999995,3.5
768,2014-06-29,0.63,0.72,0.08999999999999997,3.5
769,2014-06-30,0.59,0.6920000000000001,0.10200000000000009,3.5
770,2014-07-01,0.54,0.664,0.124,3.5
771,2014-07-02,0.5,0.638,0.138,3.5
772,2014-07-03,0.45,0.637,0.187,3.5
773,2014-07-04,0.43,0.6609999999999999,0.23099999999999993,3.5
774,2014-07-05,0.41,0.6609999999999999,0.25099999999999995,3.5
775,2014-07-06,0.38,0.628,0.248,3.5
776,2014-07-07,0.37,0.597,0.22699999999999998,3.5
777,2014-07-08,0.36,0.591,0.23099999999999998,3.5
778,2014-07-09,0.37,0.585,0.21499999999999997,3.5
779,2014-07-10,0.34,0.555,0.21500000000000002,3.5
780,2014-07-11,0.32,0.5329999999999999,0.2129999999999999,3.5
781,2014-07-12,0.29,0.512,0.22200000000000003,3.5
782,2014-07-13,0.26,0.485,0.22499999999999998,3.5
783,2014-07-14,0.24,0.45899999999999996,0.21899999999999997,3.5
784,2014-07-15,0.22,0.434,0.214,3.5
785,2014-07-16,0.21,0.425,0.215,3.5
786,2014-07-17,0.22,0.418,0.19799999999999998,3.4610000000000003
787,2014-07-18,0.24,0.413,0.173,3.423
788,2014-07-19,0.24,0.409,0.16899999999999998,3.384
789,2014-07-20,0.25,0.38799999999999996,0.13799999999999996,3.345
790,2014-07-21,0.23,0.368,0.13799999999999998,3.306
791,2014-07-22,0.22,0.348,0.12799999999999997,3.2680000000000002
792,2014-07-23,0.21,0.33,0.12000000000000002,3.2289999999999996
793,2014-07-24,0.19,0.312,0.122,3.19
794,2014-07-25,0.18,0.29600000000000004,0.11600000000000005,3.1519999999999997
795,2014-07-26,0.16,0.28,0.12000000000000002,3.113
796,2014-07-27,0.16,0.264,0.10400000000000001,3.074
797,2014-07-28,0.14,0.25,0.10999999999999999,3.035
798,2014-07-29,0.15,0.23600000000000002,0.08600000000000002,2.997
799,2014-07-30,0.14,0.237,0.09699999999999998,2.958
800,2014-07-31,0.15,0.254,0.10400000000000001,2.9189999999999996
801,2014-08-01,0.14,0.264,0.124,2.8810000000000002
802,2014-08-02,0.14,0.265,0.125,2.842
803,2014-08-03,0.14,0.258,0.118,2.803
804,2014-08-04,0.13,0.24600000000000002,0.11600000000000002,2.765
805,2014-08-05,0.14,0.256,0.11599999999999999,2.7260000000000004
806,2014-08-06,0.14,0.276,0.136,2.687
807,2014-08-07,0.15,0.284,0.13399999999999998,2.648
808,2014-08-08,0.15,0.27899999999999997,0.12899999999999998,2.61
809,2014-08-09,0.15,0.265,0.11500000000000002,2.571
810,2014-08-10,0.14,0.254,0.11399999999999999,2.532
811,2014-08-11,0.14,0.244,0.10399999999999998,2.494
812,2014-08-12,0.13,0.233,0.10300000000000001,2.455
813,2014-08-13,0.13,0.222,0.092,2.416
814,2014-08-14,0.13,0.223,0.093,2.377
815,2014-08-15,0.13,0.239,0.10899999999999999,2.339
816,2014-08-16,0.12,0.243,0.123,2.3
817,2014-08-17,0.12,0.23199999999999998,0.11199999999999999,2.2569999999999997
818,2014-08-18,0.13,0.244,0.11399999999999999,2.213
819,2014-08-19,0.14,0.29100000000000004,0.15100000000000002,2.17
820,2014-08-20,0.15,0.313,0.163,2.127
821,2014-08-21,0.18,0.35100000000000003,0.17100000000000004,2.083
822,2014-08-22,0.19,0.401,0.21100000000000002,2.04
823,2014-08-23,0.19,0.4,0.21000000000000002,1.9969999999999999
824,2014-08-24,0.2,0.39299999999999996,0.19299999999999995,1.953
825,2014-08-25,0.2,0.387,0.187,1.91
826,2014-08-26,0.2,0.425,0.22499999999999998,1.867
827,2014-08-27,0.18,0.46399999999999997,0.284,1.8230000000000002
828,2014-08-28,0.2,0.46,0.26,1.78
829,2014-08-29,0.2,0.451,0.251,1.7369999999999999
830,2014-08-30,0.2,0.431,0.23099999999999998,1.693
831,2014-08-31,0.17,0.41100000000000003,0.24100000000000002,1.65
832,2014-09-01,0.17,0.391,0.221,1.607
833,2014-09-02,0.17,0.38299999999999995,0.21299999999999994,1.5630000000000002
834,2014-09-03,0.18,0.38799999999999996,0.20799999999999996,1.52
835,2014-09-04,0.18,0.39399999999999996,0.21399999999999997,1.4769999999999999
836,2014-09-05,0.18,0.385,0.20500000000000002,1.433
837,2014-09-06,0.17,0.36700000000000005,0.19700000000000004,1.39
838,2014-09-07,0.17,0.349,0.17899999999999996,1.347
839,2014-09-08,0.17,0.33299999999999996,0.16299999999999995,1.3030000000000002
840,2014-09-09,0.16,0.321,0.161,1.26
841,2014-09-10,0.16,0.322,0.162,1.217
842,2014-09-11,0.17,0.318,0.148,1.173
843,2014-09-12,0.16,0.322,0.162,1.13
844,2014-09-13,0.16,0.326,0.166,1.087
845,2014-09-14,0.16,0.31,0.15,1.043
846,2014-09-15,0.17,0.295,0.12499999999999997,1.0
847,2014-09-16,0.16,0.281,0.12100000000000002,0.99
848,2014-09-17,0.16,0.267,0.10700000000000001,0.981
849,2014-09-18,0.15,0.253,0.10300000000000001,0.971
850,2014-09-19,0.15,0.24,0.09,0.961
851,2014-09-20,0.15,0.228,0.07800000000000001,0.9520000000000001
852,2014-09-21,0.16,0.243,0.08299999999999999,0.9420000000000001
853,2014-09-22,0.16,0.271,0.11100000000000002,0.932
854,2014-09-23,0.15,0.281,0.13100000000000003,0.9229999999999999
855,2014-09-24,0.17,0.309,0.13899999999999998,0.9129999999999999
856,2014-09-25,0.26,0.39799999999999996,0.13799999999999996,0.903
857,2014-09-26,0.39,0.48200000000000004,0.09200000000000003,0.894
858,2014-09-27,0.64,0.777,0.137,0.884
859,2014-09-28,1.07,2.739,1.6689999999999998,0.8740000000000001
860,2014-09-29,1.52,4.907,3.387,0.865
861,2014-09-30,1.96,4.995,3.035,0.855
862,2014-10-01,2.41,4.2010000000000005,1.7910000000000004,0.845
863,2014-10-02,2.85,3.565,0.7149999999999999,0.835
864,2014-10-03,3.18,3.042,-0.13800000000000034,0.826
865,2014-10-04,2.67,2.412,-0.258,0.816
866,2014-10-05,2.21,1.909,-0.30099999999999993,0.8059999999999999
867,2014-10-06,1.8,1.5090000000000001,-0.2909999999999999,0.797
868,2014-10-07,1.41,1.193,-0.21699999999999986,0.787
869,2014-10-08,1.16,1.065,-0.09499999999999997,0.777
870,2014-10-09,0.98,1.0270000000000001,0.04700000000000015,0.768
871,2014-10-10,0.96,1.371,0.41100000000000003,0.758
872,2014-10-11,0.89,1.9340000000000002,1.044,0.748
873,2014-10-12,0.83,1.754,0.924,0.7390000000000001
874,2014-10-13,0.82,1.588,0.7680000000000001,0.7290000000000001
875,2014-10-14,0.82,1.5419999999999998,0.7219999999999999,0.7190000000000001
876,2014-10-15,0.77,1.345,0.575,0.71
877,2014-10-16,0.71,1.105,0.395,0.7
878,2014-10-17,0.67,1.046,0.376,0.6829999999999999
879,2014-10-18,0.61,1.002,0.392,0.667
880,2014-10-19,0.62,1.022,0.402,0.65
881,2014-10-20,0.63,1.054,0.42400000000000004,0.633
882,2014-10-21,0.68,1.071,0.3909999999999999,0.617
883,2014-10-22,0.72,1.088,0.3680000000000001,0.6
884,2014-10-23,0.86,1.232,0.372,0.583
885,2014-10-24,1.09,1.6230000000000002,0.5330000000000001,0.5670000000000001
886,2014-10-25,1.17,1.8980000000000001,0.7280000000000002,0.55
887,2014-10-26,1.19,1.784,0.5940000000000001,0.5329999999999999
888,2014-10-27,1.79,2.763,0.9729999999999999,0.517
889,2014-10-28,2.25,3.838,1.588,0.5
890,2014-10-29,2.85,4.0680000000000005,1.2180000000000004,0.483
891,2014-10-30,4.5,5.362,0.8620000000000001,0.467
892,2014-10-31,5.62,6.44,0.8200000000000003,0.45
893,2014-11-01,5.23,5.882000000000001,0.6520000000000001,0.433
894,2014-11-02,4.67,5.1579999999999995,0.48799999999999955,0.41700000000000004
895,2014-11-03,4.08,4.645,0.5649999999999995,0.4
896,2014-11-04,3.56,4.012,0.4519999999999995,0.38299999999999995
897,2014-11-05,3.03,3.362,0.3320000000000003,0.36700000000000005
898,2014-11-06,2.55,2.6710000000000003,0.12100000000000044,0.35
899,2014-11-07,2.15,2.12,-0.029999999999999805,0.33299999999999996
900,2014-11-08,1.77,1.681,-0.08899999999999997,0.317
901,2014-11-09,1.5,1.331,-0.16900000000000004,0.3
902,2014-11-10,1.3,1.158,-0.14200000000000013,0.28300000000000003
903,2014-11-11,1.14,1.0979999999999999,-0.04200000000000004,0.267
904,2014-11-12,1.0,1.074,0.07400000000000007,0.25
905,2014-11-13,0.91,1.052,0.14200000000000002,0.233
906,2014-11-14,0.84,1.008,0.16800000000000004,0.217
907,2014-11-15,0.79,0.9670000000000001,0.17700000000000005,0.2
908,2014-11-16,0.69,0.927,0.2370000000000001,0.19699999999999998
909,2014-11-17,0.63,0.888,0.258,0.19399999999999998
910,2014-11-18,0.57,0.852,0.28200000000000003,0.19
911,2014-11-19,0.52,0.816,0.29599999999999993,0.187
912,2014-11-20,0.49,0.782,0.29200000000000004,0.184
913,2014-11-21,0.45,0.75,0.3,0.18100000000000002
914,2014-11-22,0.44,0.7190000000000001,0.2790000000000001,0.177
915,2014-11-23,0.4,0.6890000000000001,0.28900000000000003,0.174
916,2014-11-24,0.42,0.708,0.288,0.171
917,2014-11-25,0.47,0.792,0.32200000000000006,0.168
918,2014-11-26,0.6,0.899,0.29900000000000004,0.165
919,2014-11-27,0.61,0.934,0.32400000000000007,0.161
920,2014-11-28,0.59,0.8959999999999999,0.30599999999999994,0.158
921,2014-11-29,0.53,0.8590000000000001,0.32900000000000007,0.155
922,2014-11-30,0.54,0.823,0.2829999999999999,0.152
923,2014-12-01,0.52,0.7979999999999999,0.2779999999999999,0.14800000000000002
924,2014-12-02,0.49,0.7759999999999999,0.2859999999999999,0.145
925,2014-12-03,1.21,0.8270000000000001,-0.3829999999999999,0.142
926,2014-12-04,5.84,2.925,-2.915,0.139
927,2014-12-05,6.26,5.075,-1.1849999999999996,0.135
928,2014-12-06,5.4,4.6160000000000005,-0.7839999999999998,0.132
929,2014-12-07,4.46,4.359,-0.10099999999999998,0.129
930,2014-12-08,3.62,3.665,0.04499999999999993,0.126
931,2014-12-09,3.04,3.135,0.09499999999999975,0.12300000000000001
932,2014-12-10,2.53,3.074,0.544,0.11900000000000001
933,2014-12-11,2.11,2.8,0.69,0.11599999999999999
934,2014-12-12,1.79,2.227,0.43699999999999983,0.113
935,2014-12-13,1.53,1.77,0.24,0.11
936,2014-12-14,1.31,1.4380000000000002,0.1280000000000001,0.106
937,2014-12-15,1.11,1.193,0.08299999999999996,0.10300000000000001
938,2014-12-16,0.98,1.104,0.12400000000000011,0.1
939,2014-12-17,0.85,1.062,0.21200000000000008,0.1
940,2014-12-18,0.78,1.02,0.24,0.1
941,2014-12-19,0.72,0.98,0.26,0.1
942,2014-12-20,0.7,0.948,0.248,0.1
943,2014-12-21,0.67,0.9329999999999999,0.2629999999999999,0.1
944,2014-12-22,0.65,0.915,0.265,0.1
945,2014-12-23,0.65,0.889,0.239,0.1
946,2014-12-24,0.63,0.862,0.23199999999999998,0.1
947,2014-12-25,0.59,0.8290000000000001,0.2390000000000001,0.1
948,2014-12-26,0.63,0.816,0.18599999999999994,0.1
949,2014-12-27,0.63,0.816,0.18599999999999994,0.1
950,2014-12-28,0.62,0.7959999999999999,0.17599999999999993,0.1
951,2014-12-29,0.64,0.792,0.15200000000000002,0.1
952,2014-12-30,1.24,1.218,-0.02200000000000002,0.1
953,2014-12-31,7.73,4.625,-3.1050000000000004,0.1
954,2015-01-01,11.73,6.9910000000000005,-4.739,0.1
955,2015-01-02,10.53,6.8660000000000005,-3.663999999999999,0.1
956,2015-01-03,8.56,6.518,-2.0420000000000007,0.1
957,2015-01-04,6.77,5.7860000000000005,-0.9839999999999991,0.1
958,2015-01-05,5.32,4.763999999999999,-0.5560000000000009,0.1
959,2015-01-06,4.15,3.852,-0.2980000000000005,0.1
960,2015-01-07,3.38,3.326,-0.053999999999999826,0.1
961,2015-01-08,2.8,3.198,0.39800000000000013,0.1
962,2015-01-09,2.31,2.839,0.5289999999999999,0.1
963,2015-01-10,1.97,2.265,0.29500000000000015,0.1
964,2015-01-11,1.65,1.804,0.15400000000000014,0.1
965,2015-01-12,1.42,1.436,0.016000000000000014,0.1
966,2015-01-13,1.24,1.207,-0.03299999999999992,0.1
967,2015-01-14,1.08,1.126,0.04599999999999982,0.1
968,2015-01-15,0.94,1.081,0.14100000000000001,0.1
969,2015-01-16,0.85,1.0390000000000001,0.18900000000000017,0.1
970,2015-01-17,0.77,0.998,0.22799999999999998,0.11
971,2015-01-18,0.74,0.987,0.247,0.114
972,2015-01-19,0.69,0.977,0.28700000000000003,0.11699999999999999
973,2015-01-20,0.65,0.941,0.2909999999999999,0.121
974,2015-01-21,0.59,0.903,0.31300000000000006,0.124
975,2015-01-22,0.57,0.867,0.29700000000000004,0.128
976,2015-01-23,0.54,0.8320000000000001,0.29200000000000004,0.131
977,2015-01-24,0.51,0.8,0.29000000000000004,0.134
978,2015-01-25,0.47,0.772,0.30200000000000005,0.138
979,2015-01-26,0.46,0.745,0.285,0.141
980,2015-01-27,0.47,0.746,0.276,0.145
981,2015-01-28,0.57,1.087,0.517,0.14800000000000002
982,2015-01-29,0.76,1.921,1.161,0.152
983,2015-01-30,0.82,1.807,0.987,0.155
984,2015-01-31,0.81,1.444,0.6339999999999999,0.159
985,2015-02-01,0.79,1.18,0.3899999999999999,0.155
986,2015-02-02,0.76,1.111,0.351,0.159
987,2015-02-03,0.72,1.068,0.3480000000000001,0.162
988,2015-02-04,0.68,1.026,0.346,0.166
989,2015-02-05,0.65,0.986,0.33599999999999997,0.16899999999999998
990,2015-02-06,0.95,1.119,0.16900000000000004,0.172
991,2015-02-07,2.47,2.194,-0.27600000000000025,0.17600000000000002
992,2015-02-08,3.52,2.63,-0.8900000000000001,0.179
993,2015-02-09,10.73,4.543,-6.187,0.183
994,2015-02-10,20.39,8.279,-12.111,0.18600000000000003
995,2015-02-11,21.67,10.042,-11.628000000000002,0.19
996,2015-02-12,17.71,10.162,-7.548,0.193
997,2015-02-13,12.92,9.086,-3.8339999999999996,0.19699999999999998
998,2015-02-14,9.4,7.267,-2.133,0.2
999,2015-02-15,6.88,5.813,-1.0670000000000002,0.217
1000,2015-02-16,5.07,4.632,-0.4380000000000006,0.233
1001,2015-02-17,3.87,3.6910000000000003,-0.17899999999999983,0.25
1002,2015-02-18,3.13,3.072,-0.05799999999999983,0.267
1003,2015-02-19,3.7,3.842,0.1419999999999999,0.28300000000000003
1004,2015-02-20,4.27,4.506,0.23600000000000065,0.3
1005,2015-02-21,3.79,3.8339999999999996,0.043999999999999595,0.317
1006,2015-02-22,3.27,3.265,-0.004999999999999893,0.33299999999999996
1007,2015-02-23,2.72,2.805,0.08499999999999996,0.35
1008,2015-02-24,2.27,2.262,-0.008000000000000007,0.36700000000000005
1009,2015-02-25,1.9,1.8559999999999999,-0.04400000000000004,0.38299999999999995
1010,2015-02-26,1.63,1.655,0.025000000000000133,0.4
1011,2015-02-27,1.43,2.0380000000000003,0.6080000000000003,0.41700000000000004
1012,2015-02-28,1.18,2.2680000000000002,1.0880000000000003,0.433
1013,2015-03-01,1.02,1.964,0.944,0.45
1014,2015-03-02,0.89,1.693,0.803,0.467
1015,2015-03-03,0.82,1.4409999999999998,0.6209999999999999,0.483
1016,2015-03-04,0.77,1.194,0.42399999999999993,0.5
1017,2015-03-05,0.73,1.126,0.3959999999999999,0.517
1018,2015-03-06,0.8,1.8159999999999998,1.0159999999999998,0.5329999999999999
1019,2015-03-07,0.87,2.385,1.5149999999999997,0.55
1020,2015-03-08,1.14,3.04,1.9000000000000001,0.5670000000000001
1021,2015-03-09,1.44,4.124,2.6839999999999997,0.583
1022,2015-03-10,1.5,4.059,2.559,0.6
1023,2015-03-11,1.5,3.7510000000000003,2.2510000000000003,0.617
1024,2015-03-12,1.43,3.367,1.937,0.633
1025,2015-03-13,1.34,2.793,1.453,0.65
1026,2015-03-14,1.23,2.316,1.0859999999999999,0.667
1027,2015-03-15,1.12,1.844,0.724,0.6829999999999999
1028,2015-03-16,1.04,1.466,0.42599999999999993,0.7
1029,2015-03-17,0.96,1.235,0.27500000000000013,0.71
1030,2015-03-18,0.9,1.133,0.23299999999999998,0.72
1031,2015-03-19,0.93,1.209,0.279,0.73
1032,2015-03-20,1.16,1.429,0.26900000000000013,0.74
1033,2015-03-21,1.13,1.329,0.19900000000000007,0.75
1034,2015-03-22,1.15,1.146,-0.0040000000000000036,0.76
1035,2015-03-23,1.91,2.457,0.5469999999999999,0.77
1036,2015-03-24,3.79,4.373,0.5830000000000002,0.78
1037,2015-03-25,3.96,4.4030000000000005,0.4430000000000005,0.79
1038,2015-03-26,3.67,3.505,-0.16500000000000004,0.8
1039,2015-03-27,3.06,2.79,-0.27,0.81
1040,2015-03-28,2.69,2.22,-0.46999999999999975,0.82
1041,2015-03-29,2.27,1.775,-0.4950000000000001,0.83
1042,2015-03-30,1.97,1.4909999999999999,-0.4790000000000001,0.84
1043,2015-03-31,1.79,1.251,-0.5390000000000001,0.85
1044,2015-04-01,1.57,1.113,-0.4570000000000001,0.86
1045,2015-04-02,1.43,1.1320000000000001,-0.2979999999999998,0.87
1046,2015-04-03,1.35,1.3119999999999998,-0.038000000000000256,0.88
1047,2015-04-04,1.29,1.252,-0.038000000000000034,0.89
1048,2015-04-05,1.14,1.115,-0.02499999999999991,0.9
1049,2015-04-06,1.07,1.1520000000000001,0.08200000000000007,0.91
1050,2015-04-07,1.35,1.9580000000000002,0.6080000000000001,0.92
1051,2015-04-08,4.61,2.91,-1.7000000000000002,0.93
1052,2015-04-09,5.07,2.978,-2.092,0.94
1053,2015-04-10,5.65,3.0060000000000002,-2.644,0.95
1054,2015-04-11,6.4,3.389,-3.0110000000000006,0.96
1055,2015-04-12,6.16,3.92,-2.24,0.97
1056,2015-04-13,5.69,4.0280000000000005,-1.662,0.98
1057,2015-04-14,4.93,3.418,-1.5119999999999996,0.99
1058,2015-04-15,4.84,3.491,-1.3489999999999998,1.0
1059,2015-04-16,5.49,4.591,-0.899,1.042
1060,2015-04-17,5.95,5.712999999999999,-0.237000000000001,1.084
1061,2015-04-18,5.86,5.556,-0.30400000000000027,1.126
1062,2015-04-19,5.75,4.753,-0.9969999999999999,1.168
1063,2015-04-20,5.44,4.069,-1.3710000000000004,1.21
1064,2015-04-21,5.05,3.2769999999999997,-1.7730000000000001,1.252
1065,2015-04-22,4.81,2.802,-2.0079999999999996,1.294
1066,2015-04-23,6.49,4.596,-1.8940000000000001,1.335
1067,2015-04-24,6.26,5.815,-0.4449999999999994,1.3769999999999998
1068,2015-04-25,5.5,4.848,-0.6520000000000001,1.419
1069,2015-04-26,5.29,4.8469999999999995,-0.4430000000000005,1.4609999999999999
1070,2015-04-27,5.13,4.69,-0.4399999999999995,1.5030000000000001
1071,2015-04-28,4.52,3.736,-0.7839999999999994,1.545
1072,2015-04-29,3.82,2.972,-0.8479999999999999,1.587
1073,2015-04-30,3.28,2.492,-0.7879999999999998,1.629
1074,2015-05-01,2.89,2.256,-0.6340000000000003,1.671
1075,2015-05-02,2.48,1.936,-0.544,1.713
1076,2015-05-03,2.24,1.746,-0.4940000000000002,1.755
1077,2015-05-04,2.07,1.715,-0.35499999999999976,1.797
1078,2015-05-05,1.94,1.902,-0.038000000000000034,1.839
1079,2015-05-06,2.18,2.819,0.6389999999999998,1.881
1080,2015-05-07,2.56,4.085,1.525,1.923
1081,2015-05-08,2.58,4.8839999999999995,2.3039999999999994,1.965
1082,2015-05-09,2.46,4.98,2.5200000000000005,2.006
1083,2015-05-10,2.27,4.409,2.139,2.048
1084,2015-05-11,1.99,3.807,1.817,2.09
1085,2015-05-12,1.81,3.8110000000000004,2.0010000000000003,2.1319999999999997
1086,2015-05-13,1.96,3.923,1.963,2.174
1087,2015-05-14,1.96,3.792,1.8319999999999999,2.2159999999999997
1088,2015-05-15,1.98,3.447,1.467,2.258
1089,2015-05-16,1.87,2.924,1.0539999999999998,2.3
1090,2015-05-17,1.67,2.533,0.863,2.34
1091,2015-05-18,1.51,2.362,0.8520000000000001,2.38
1092,2015-05-19,1.35,2.1790000000000003,0.8290000000000002,2.42
1093,2015-05-20,1.2,1.9369999999999998,0.7369999999999999,2.46
1094,2015-05-21,1.18,1.903,0.7230000000000001,2.5
1095,2015-05-22,1.13,1.9369999999999998,0.8069999999999999,2.54
1096,2015-05-23,1.29,2.3040000000000003,1.0140000000000002,2.58
1097,2015-05-24,1.74,3.011,1.2710000000000001,2.62
1098,2015-05-25,1.9,3.15,1.25,2.66
1099,2015-05-26,1.86,2.786,0.9259999999999999,2.7
1100,2015-05-27,1.76,2.411,0.651,2.74
1101,2015-05-28,1.62,2.005,0.3849999999999998,2.78
1102,2015-05-29,1.5,1.7480000000000002,0.24800000000000022,2.82
1103,2015-05-30,1.38,1.574,0.19400000000000017,2.86
1104,2015-05-31,1.37,1.7180000000000002,0.3480000000000001,2.9
1105,2015-06-01,1.47,1.965,0.4950000000000001,2.94
1106,2015-06-02,2.0,2.53,0.5299999999999998,2.98
1107,2015-06-03,2.17,2.763,0.593,3.02
1108,2015-06-04,3.58,3.4589999999999996,-0.12100000000000044,3.06
1109,2015-06-05,5.3,4.75,-0.5499999999999998,3.1
1110,2015-06-06,5.58,4.7139999999999995,-0.8660000000000005,3.14
1111,2015-06-07,5.86,4.966,-0.8940000000000001,3.18
1112,2015-06-08,5.12,5.0280000000000005,-0.09199999999999964,3.22
1113,2015-06-09,4.28,4.083,-0.19700000000000006,3.26
1114,2015-06-10,4.15,3.917,-0.23300000000000054,3.3
1115,2015-06-11,4.45,3.8539999999999996,-0.5960000000000005,3.34
1116,2015-06-12,5.34,4.175,-1.165,3.38
1117,2015-06-13,5.44,4.448,-0.992,3.42
1118,2015-06-14,4.76,3.7289999999999996,-1.0310000000000001,3.46
1119,2015-06-15,4.46,3.4219999999999997,-1.0380000000000003,3.5
1120,2015-06-16,5.15,4.126,-1.024,3.5
1121,2015-06-17,4.94,4.396,-0.5440000000000005,3.5
1122,2015-06-18,4.26,3.705,-0.5549999999999997,3.5
1123,2015-06-19,3.61,2.943,-0.6669999999999998,3.5
1124,2015-06-20,3.01,2.32,-0.69,3.5
1125,2015-06-21,2.51,1.82,-0.6899999999999997,3.5
1126,2015-06-22,2.05,1.4169999999999998,-0.633,3.5
1127,2015-06-23,1.69,1.097,-0.593,3.5
1128,2015-06-24,1.42,0.965,-0.45499999999999996,3.5
1129,2015-06-25,1.17,1.171,0.001000000000000112,3.5
1130,2015-06-26,1.09,1.676,0.5859999999999999,3.5
1131,2015-06-27,0.94,1.6059999999999999,0.6659999999999999,3.5
1132,2015-06-28,0.84,1.254,0.41400000000000003,3.5
1133,2015-06-29,0.79,1.074,0.28400000000000003,3.5
1134,2015-06-30,0.73,1.109,0.379,3.5
1135,2015-07-01,0.71,1.058,0.3480000000000001,3.5
1136,2015-07-02,0.76,1.159,0.399,3.5
1137,2015-07-03,0.7,1.189,0.4890000000000001,3.5
1138,2015-07-04,0.63,1.182,0.5519999999999999,3.5
1139,2015-07-05,0.63,1.157,0.527,3.5
1140,2015-07-06,0.58,0.975,0.395,3.5
1141,2015-07-07,0.61,1.194,0.584,3.5
1142,2015-07-08,0.63,1.4169999999999998,0.7869999999999998,3.5
1143,2015-07-09,0.61,1.193,0.5830000000000001,3.5
1144,2015-07-10,0.61,1.117,0.507,3.5
1145,2015-07-11,0.62,1.0270000000000001,0.40700000000000014,3.5
1146,2015-07-12,0.61,0.953,0.34299999999999997,3.5
1147,2015-07-13,0.56,0.9079999999999999,0.34799999999999986,3.5
1148,2015-07-14,0.53,0.866,0.33599999999999997,3.5
1149,2015-07-15,0.49,0.825,0.33499999999999996,3.5
1150,2015-07-16,0.47,0.812,0.3420000000000001,3.5
1151,2015-07-17,0.46,0.823,0.36299999999999993,3.4610000000000003
1152,2015-07-18,0.45,0.818,0.36799999999999994,3.423
1153,2015-07-19,0.45,0.7959999999999999,0.3459999999999999,3.384
1154,2015-07-20,0.43,0.7659999999999999,0.3359999999999999,3.345
1155,2015-07-21,0.4,0.731,0.33099999999999996,3.306
1156,2015-07-22,0.4,0.6970000000000001,0.29700000000000004,3.2680000000000002
1157,2015-07-23,0.38,0.682,0.30200000000000005,3.2289999999999996
1158,2015-07-24,0.38,0.6779999999999999,0.29799999999999993,3.19
1159,2015-07-25,0.37,0.67,0.30000000000000004,3.1519999999999997
1160,2015-07-26,0.37,0.6559999999999999,0.2859999999999999,3.113
1161,2015-07-27,0.42,0.679,0.25900000000000006,3.074
1162,2015-07-28,0.46,0.6990000000000001,0.23900000000000005,3.035
1163,2015-07-29,0.45,0.67,0.22000000000000003,2.997
1164,2015-07-30,0.42,0.639,0.21900000000000003,2.958
1165,2015-07-31,0.41,0.627,0.21700000000000003,2.9189999999999996
1166,2015-08-01,0.41,0.629,0.21900000000000003,2.8810000000000002
1167,2015-08-02,0.39,0.614,0.22399999999999998,2.842
1168,2015-08-03,0.37,0.5870000000000001,0.21700000000000008,2.803
1169,2015-08-04,0.35,0.562,0.21200000000000008,2.765
1170,2015-08-05,0.4,0.5670000000000001,0.16700000000000004,2.7260000000000004
1171,2015-08-06,0.81,0.703,-0.1070000000000001,2.687
1172,2015-08-07,0.87,0.8009999999999999,-0.06900000000000006,2.648
1173,2015-08-08,0.86,0.785,-0.07499999999999996,2.61
1174,2015-08-09,0.83,0.7809999999999999,-0.049000000000000044,2.571
1175,2015-08-10,0.81,0.757,-0.05300000000000005,2.532
1176,2015-08-11,0.73,0.723,-0.007000000000000006,2.494
1177,2015-08-12,0.72,0.753,0.03300000000000003,2.455
1178,2015-08-13,0.76,0.812,0.052000000000000046,2.416
1179,2015-08-14,0.75,0.807,0.05700000000000005,2.377
1180,2015-08-15,0.7,0.772,0.07200000000000006,2.339
1181,2015-08-16,0.67,0.738,0.06799999999999995,2.3
1182,2015-08-17,0.6,0.706,0.10599999999999998,2.2569999999999997
1183,2015-08-18,0.55,0.675,0.125,2.213
1184,2015-08-19,0.52,0.6459999999999999,0.1259999999999999,2.17
1185,2015-08-20,0.49,0.618,0.128,2.127
1186,2015-08-21,0.45,0.591,0.14099999999999996,2.083
1187,2015-08-22,0.43,0.5660000000000001,0.13600000000000007,2.04
1188,2015-08-23,0.39,0.541,0.15100000000000002,1.9969999999999999
1189,2015-08-24,0.37,0.518,0.14800000000000002,1.953
1190,2015-08-25,0.34,0.495,0.15499999999999997,1.91
1191,2015-08-26,0.33,0.47700000000000004,0.14700000000000002,1.867
1192,2015-08-27,0.34,0.461,0.121,1.8230000000000002
1193,2015-08-28,0.59,0.7,0.10999999999999999,1.78
1194,2015-08-29,1.26,1.21,-0.050000000000000044,1.7369999999999999
1195,2015-08-30,1.69,1.661,-0.028999999999999915,1.693
1196,2015-08-31,1.76,1.554,-0.20599999999999996,1.65
1197,2015-09-01,1.71,1.3559999999999999,-0.3540000000000001,1.607
1198,2015-09-02,1.56,1.0979999999999999,-0.4620000000000002,1.5630000000000002
1199,2015-09-03,1.35,1.031,-0.3190000000000002,1.52
1200,2015-09-04,1.18,0.987,-0.19299999999999995,1.4769999999999999
1201,2015-09-05,1.31,0.971,-0.3390000000000001,1.433
1202,2015-09-06,0.97,0.98,0.010000000000000009,1.39
1203,2015-09-07,0.86,0.991,0.131,1.347
1204,2015-09-08,0.83,0.996,0.16600000000000004,1.3030000000000002
1205,2015-09-09,0.82,0.983,0.16300000000000003,1.26
1206,2015-09-10,0.76,0.953,0.19299999999999995,1.217
1207,2015-09-11,0.71,0.9129999999999999,0.20299999999999996,1.173
1208,2015-09-12,0.65,0.873,0.22299999999999998,1.13
1209,2015-09-13,0.6,0.836,0.236,1.087
1210,2015-09-14,0.57,0.8,0.2300000000000001,1.043
1211,2015-09-15,0.51,0.765,0.255,1.0
1212,2015-09-16,0.48,0.732,0.252,0.99
1213,2015-09-17,0.45,0.7,0.24999999999999994,0.981
1214,2015-09-18,0.45,0.6920000000000001,0.24200000000000005,0.971
1215,2015-09-19,0.76,0.866,0.10599999999999998,0.961
1216,2015-09-20,1.32,1.247,-0.07299999999999995,0.9520000000000001
1217,2015-09-21,1.59,1.5230000000000001,-0.06699999999999995,0.9420000000000001
1218,2015-09-22,1.6,1.2830000000000001,-0.31699999999999995,0.932
1219,2015-09-23,1.6,1.097,-0.5030000000000001,0.9229999999999999
1220,2015-09-24,1.35,1.062,-0.28800000000000003,0.9129999999999999
1221,2015-09-25,1.37,1.3880000000000001,0.018000000000000016,0.903
1222,2015-09-26,1.63,2.0580000000000003,0.4280000000000004,0.894
1223,2015-09-27,2.42,2.783,0.363,0.884
1224,2015-09-28,2.64,3.0839999999999996,0.4439999999999995,0.8740000000000001
1225,2015-09-29,2.53,2.5839999999999996,0.053999999999999826,0.865
1226,2015-09-30,2.67,2.3890000000000002,-0.2809999999999997,0.855
1227,2015-10-01,6.92,3.727,-3.193,0.845
1228,2015-10-02,15.7,8.331,-7.369,0.835
1229,2015-10-03,15.87,11.475999999999999,-4.394,0.826
1230,2015-10-04,12.62,10.582,-2.0379999999999985,0.816
1231,2015-10-05,9.67,8.756,-0.9139999999999997,0.8059999999999999
1232,2015-10-06,7.28,6.966,-0.31400000000000006,0.797
1233,2015-10-07,5.5,5.54,0.040000000000000036,0.787
1234,2015-10-08,4.21,4.4030000000000005,0.1930000000000005,0.777
1235,2015-10-09,3.29,3.5469999999999997,0.2569999999999997,0.768
1236,2015-10-10,2.65,2.951,0.30100000000000016,0.758
1237,2015-10-11,2.16,2.423,0.2629999999999999,0.748
1238,2015-10-12,1.78,1.92,0.1399999999999999,0.7390000000000001
1239,2015-10-13,1.49,1.5190000000000001,0.029000000000000137,0.7290000000000001
1240,2015-10-14,1.25,1.3230000000000002,0.07300000000000018,0.7190000000000001
1241,2015-10-15,1.06,1.168,0.10799999999999987,0.71
1242,2015-10-16,0.96,1.094,0.13400000000000012,0.7
1243,2015-10-17,0.91,1.087,0.17699999999999994,0.6829999999999999
1244,2015-10-18,0.88,1.0759999999999998,0.19599999999999984,0.667
1245,2015-10-19,0.84,1.068,0.2280000000000001,0.65
1246,2015-10-20,0.79,1.046,0.256,0.633
1247,2015-10-21,0.77,1.015,0.24499999999999988,0.617
1248,2015-10-22,0.93,1.149,0.21899999999999997,0.6
1249,2015-10-23,1.25,1.754,0.504,0.583
1250,2015-10-24,1.42,1.979,0.5590000000000002,0.5670000000000001
1251,2015-10-25,1.57,2.063,0.4930000000000001,0.55
1252,2015-10-26,2.04,2.397,0.35699999999999976,0.5329999999999999
1253,2015-10-27,2.96,3.109,0.14900000000000002,0.517
1254,2015-10-28,3.11,3.188,0.07800000000000029,0.5
1255,2015-10-29,2.82,2.537,-0.2829999999999999,0.483
1256,2015-10-30,2.46,2.0180000000000002,-0.4419999999999997,0.467
1257,2015-10-31,2.15,1.71,-0.43999999999999995,0.45
1258,2015-11-01,2.26,1.825,-0.43499999999999983,0.433
1259,2015-11-02,5.95,3.6839999999999997,-2.2660000000000005,0.41700000000000004
1260,2015-11-03,10.38,5.992999999999999,-4.387000000000001,0.4
1261,2015-11-04,10.31,6.808,-3.5020000000000007,0.38299999999999995
1262,2015-11-05,8.77,6.2620000000000005,-2.507999999999999,0.36700000000000005
1263,2015-11-06,6.88,5.051,-1.8289999999999997,0.35
1264,2015-11-07,5.41,4.262,-1.1480000000000006,0.33299999999999996
1265,2015-11-08,4.44,3.807,-0.6330000000000005,0.317
1266,2015-11-09,4.15,3.375,-0.7750000000000004,0.3
1267,2015-11-10,3.86,3.213,-0.6469999999999998,0.28300000000000003
1268,2015-11-11,3.86,3.969,0.10899999999999999,0.267
1269,2015-11-12,3.86,4.798,0.9380000000000002,0.25
1270,2015-11-13,3.86,4.544,0.6839999999999997,0.233
1271,2015-11-14,3.44,3.733,0.29300000000000015,0.217
1272,2015-11-15,2.95,2.9989999999999997,0.04899999999999949,0.2
1273,2015-11-16,2.51,2.412,-0.09799999999999986,0.19699999999999998
1274,2015-11-17,2.18,2.109,-0.07100000000000017,0.19399999999999998
1275,2015-11-18,1.88,1.8530000000000002,-0.02699999999999969,0.19
1276,2015-11-19,1.63,1.496,-0.1339999999999999,0.187
1277,2015-11-20,1.42,1.22,-0.19999999999999996,0.184
1278,2015-11-21,1.22,1.1,-0.11999999999999988,0.18100000000000002
1279,2015-11-22,1.08,1.061,-0.019000000000000128,0.177
1280,2015-11-23,0.98,1.035,0.05499999999999994,0.174
1281,2015-11-24,0.91,1.026,0.11599999999999999,0.171
1282,2015-11-25,0.85,1.005,0.15499999999999992,0.168
1283,2015-11-26,0.92,1.1179999999999999,0.19799999999999984,0.165
1284,2015-11-27,3.43,3.097,-0.3330000000000002,0.161
1285,2015-11-28,6.77,5.61,-1.1599999999999993,0.158
1286,2015-11-29,6.43,5.812,-0.6179999999999994,0.155
1287,2015-11-30,5.3,4.628,-0.6719999999999997,0.152
1288,2015-12-01,4.33,4.249,-0.0810000000000004,0.14800000000000002
1289,2015-12-02,3.55,4.158,0.6080000000000005,0.145
1290,2015-12-03,3.1,4.122,1.0219999999999998,0.142
1291,2015-12-04,2.64,3.892,1.2519999999999998,0.139
1292,2015-12-05,2.29,3.239,0.9489999999999998,0.135
1293,2015-12-06,2.15,3.352,1.202,0.132
1294,2015-12-07,2.9,5.228,2.328,0.129
1295,2015-12-08,3.47,5.997999999999999,2.527999999999999,0.126
1296,2015-12-09,3.45,5.452000000000001,2.0020000000000007,0.12300000000000001
1297,2015-12-10,3.52,5.31,1.7899999999999996,0.11900000000000001
1298,2015-12-11,3.31,4.918,1.608,0.11599999999999999
1299,2015-12-12,3.15,5.131,1.9810000000000003,0.113
1300,2015-12-13,2.91,5.032,2.122,0.11
1301,2015-12-14,2.6,4.141,1.541,0.106
1302,2015-12-15,2.37,3.405,1.0349999999999997,0.10300000000000001
1303,2015-12-16,2.59,3.885,1.295,0.1
1304,2015-12-17,2.84,4.448,1.6080000000000005,0.1
1305,2015-12-18,3.0,4.309,1.3090000000000002,0.1
1306,2015-12-19,4.0,4.846,0.8460000000000001,0.1
1307,2015-12-20,5.29,5.403,0.11299999999999955,0.1
1308,2015-12-21,6.22,5.632999999999999,-0.5870000000000006,0.1
1309,2015-12-22,7.84,5.9,-1.9399999999999995,0.1
1310,2015-12-23,7.62,5.513,-2.107,0.1
1311,2015-12-24,6.33,4.6160000000000005,-1.7139999999999995,0.1
1312,2015-12-25,5.35,4.1160000000000005,-1.233999999999999,0.1
1313,2015-12-26,5.09,3.719,-1.371,0.1
1314,2015-12-27,4.4,3.1210000000000004,-1.279,0.1
1315,2015-12-28,3.63,2.5340000000000003,-1.0959999999999996,0.1
1316,2015-12-29,3.0,2.017,-0.9830000000000001,0.1
1317,2015-12-30,2.5,1.6680000000000001,-0.8319999999999999,0.1
1318,2015-12-31,2.13,1.955,-0.17499999999999982,0.1
